TIME_UNIX,DATE_STR,HOUR_STR,OPEN_PRICE,HIGH_PRICE,CLOSE_PRICE,LOW_PRICE,VOLUME_FROM,VOLUME_TO
1747177200,2025-05-13,23,104148.86,104203.28,104016.17,103895.4,459.49,47815101.66
1747173600,2025-05-13,22,104367.29,104451.96,104148.86,104111.6,598.21,62365412.39
1747170000,2025-05-13,21,104587.92,104641.41,104367.29,104227.88,661.71,69109828.42
1747166400,2025-05-13,20,104838.09,104965.64,104587.92,104449.54,1029.76,107738905.39
1747162800,2025-05-13,19,104399.68,105015.14,104838.09,104204.46,1896.75,198549510.69
1747159200,2025-05-13,18,104298.41,104462.7,104399.68,104115.92,1107.7,115575088.73
1747155600,2025-05-13,17,103748.25,104332.06,104298.41,103732.07,1142.17,118801877.3
1747152000,2025-05-13,16,103707.31,104422.12,103748.25,103563.13,1560.27,162384189.61
1747148400,2025-05-13,15,103203.1,103882.29,103707.31,103153.47,1077.19,111602611.07
1747144800,2025-05-13,14,103739.91,103765.84,103203.1,102844.55,1538.02,158787320.84
1747141200,2025-05-13,13,103696.87,103935.01,103739.91,103424.48,1293,134064324.06
1747137600,2025-05-13,12,103740.91,103978.02,103696.87,103473.5,1664.08,172638888.42
1747134000,2025-05-13,11,103576.79,103838.35,103740.91,103475.33,378.56,39236040.79
1747130400,2025-05-13,10,103469.24,103623.98,103576.79,103285.07,468.59,48470590.81
1747126800,2025-05-13,9,102723.51,103520.35,103469.24,102723.44,393.34,40600374.5
1747123200,2025-05-13,8,102670.57,102954.39,102723.51,102554.96,447.27,45960760.3
1747119600,2025-05-13,7,102544.41,102935.01,102670.57,102543.87,263.18,27043561.84
1747116000,2025-05-13,6,102453.87,102675.6,102544.41,102327.36,190.53,19534557.81
1747112400,2025-05-13,5,102741.26,102741.26,102453.87,102277.97,199.5,20451564.16
1747108800,2025-05-13,4,101724.35,102760.97,102741.26,101630.76,540.14,55228320.97
1747105200,2025-05-13,3,102074.61,102154.85,101724.35,101466.16,608.26,61898453.78
1747101600,2025-05-13,2,102403.75,102691.29,102074.61,101714.65,1053.85,107642188.86
1747098000,2025-05-13,1,102266.9,102719.79,102403.75,102089.78,817.2,83704719.03
1747094400,2025-05-13,0,102802.44,102802.53,102266.9,102176.56,613.65,62881224.52
